open_time,open,high,low,close,volume,close_time,quote_asset_volume,number_of_trades,taker_buy_base,taker_buy_quote,ignore
2025-10-05 16:22:17.500,1.275e-05,1.275e-05,1.275e-05,1.275e-05,23450704.0,2025-10-05 16:22:17.999,298.996476,1,0.0,0.0,0
2025-10-05 16:22:24.000,1.276e-05,1.276e-05,1.276e-05,1.276e-05,2078804.0,2025-10-05 16:22:24.499,26.525539039999998,1,2078804.0,26.525539039999998,0
2025-10-05 16:22:29.000,1.275e-05,1.275e-05,1.275e-05,1.275e-05,49267083.0,2025-10-05 16:22:29.499,628.15530825,2,0.0,0.0,0
2025-10-05 16:22:34.000,1.275e-05,1.275e-05,1.275e-05,1.275e-05,395800.0,2025-10-05 16:22:34.499,5.04645,1,0.0,0.0,0
2025-10-05 16:22:36.000,1.275e-05,1.275e-05,1.275e-05,1.275e-05,1000000.0,2025-10-05 16:22:36.499,12.75,1,0.0,0.0,0
2025-10-05 16:22:38.000,1.276e-05,1.276e-05,1.276e-05,1.276e-05,500000.0,2025-10-05 16:22:38.499,6.38,1,500000.0,6.38,0
2025-10-05 16:22:39.500,1.276e-05,1.276e-05,1.276e-05,1.276e-05,156703.0,2025-10-05 16:22:39.999,1.9995302799999999,1,156703.0,1.9995302799999999,0
2025-10-05 16:22:40.500,1.275e-05,1.275e-05,1.275e-05,1.275e-05,392920.0,2025-10-05 16:22:40.999,5.00973,1,0.0,0.0,0
2025-10-05 16:22:42.000,1.276e-05,1.276e-05,1.276e-05,1.276e-05,263268.0,2025-10-05 16:22:42.499,3.35929968,1,263268.0,3.35929968,0
2025-10-05 16:22:43.000,1.275e-05,1.275e-05,1.275e-05,1.275e-05,10548856.0,2025-10-05 16:22:43.499,134.497914,1,0.0,0.0,0
2025-10-05 16:22:44.500,1.276e-05,1.276e-05,1.276e-05,1.276e-05,1398629.0,2025-10-05 16:22:44.999,17.84650604,2,1398629.0,17.84650604,0
2025-10-05 16:22:53.500,1.276e-05,1.276e-05,1.276e-05,1.276e-05,235109.0,2025-10-05 16:22:53.999,2.99999084,1,235109.0,2.99999084,0
2025-10-05 16:22:54.500,1.276e-05,1.276e-05,1.276e-05,1.276e-05,341858.0,2025-10-05 16:22:54.999,4.36210808,1,341858.0,4.36210808,0
2025-10-05 16:23:00.500,1.275e-05,1.275e-05,1.275e-05,1.275e-05,86458186.0,2025-10-05 16:23:00.999,1102.3418715,2,0.0,0.0,0
2025-10-05 16:23:03.000,1.276e-05,1.276e-05,1.276e-05,1.276e-05,391849.0,2025-10-05 16:23:03.499,4.99999324,1,391849.0,4.99999324,0
2025-10-05 16:23:14.500,1.275e-05,1.275e-05,1.275e-05,1.275e-05,1054124.0,2025-10-05 16:23:14.999,13.440081,1,0.0,0.0,0
2025-10-05 16:23:20.500,1.275e-05,1.275e-05,1.275e-05,1.275e-05,18386786.0,2025-10-05 16:23:20.999,234.4315215,1,0.0,0.0,0
2025-10-05 16:23:24.000,1.276e-05,1.276e-05,1.276e-05,1.276e-05,5647036.0,2025-10-05 16:23:24.499,72.05617936,1,5647036.0,72.05617936,0
2025-10-05 16:23:26.000,1.275e-05,1.275e-05,1.275e-05,1.275e-05,1186535.0,2025-10-05 16:23:26.499,15.128321249999999,1,0.0,0.0,0
2025-10-05 16:23:28.500,1.276e-05,1.276e-05,1.276e-05,1.276e-05,15673981.0,2025-10-05 16:23:28.999,199.99999756,1,15673981.0,199.99999756,0
2025-10-05 16:23:33.000,1.275e-05,1.275e-05,1.275e-05,1.275e-05,500000.0,2025-10-05 16:23:33.499,6.375,6,0.0,0.0,0
2025-10-05 16:23:33.500,1.276e-05,1.276e-05,1.276e-05,1.276e-05,150000.0,2025-10-05 16:23:33.999,1.914,1,150000.0,1.914,0
2025-10-05 16:23:35.000,1.275e-05,1.275e-05,1.274e-05,1.274e-05,281738083.0,2025-10-05 16:23:35.499,3592.1104956100085,113,0.0,0.0,0
2025-10-05 16:23:35.500,1.274e-05,1.274e-05,1.274e-05,1.274e-05,2500000.0,2025-10-05 16:23:35.999,31.85,1,0.0,0.0,0
2025-10-05 16:23:36.500,1.275e-05,1.275e-05,1.275e-05,1.275e-05,60051215.0,2025-10-05 16:23:36.999,765.65299125,1,60051215.0,765.65299125,0
2025-10-05 16:23:38.500,1.275e-05,1.275e-05,1.275e-05,1.275e-05,20143762.0,2025-10-05 16:23:38.999,256.8329655,2,20143762.0,256.8329655,0
2025-10-05 16:23:41.500,1.275e-05,1.275e-05,1.275e-05,1.275e-05,3837185.0,2025-10-05 16:23:41.999,48.92410875,1,3837185.0,48.92410875,0
2025-10-05 16:23:42.000,1.275e-05,1.275e-05,1.275e-05,1.275e-05,6746260.0,2025-10-05 16:23:42.499,86.014815,1,6746260.0,86.014815,0
2025-10-05 16:23:44.500,1.275e-05,1.275e-05,1.275e-05,1.275e-05,2232917.0,2025-10-05 16:23:44.999,28.46969175,1,2232917.0,28.46969175,0
2025-10-05 16:23:45.000,1.275e-05,1.275e-05,1.275e-05,1.275e-05,191002.0,2025-10-05 16:23:45.499,2.4352755,1,191002.0,2.4352755,0
2025-10-05 16:23:49.000,1.275e-05,1.275e-05,1.275e-05,1.275e-05,760142.0,2025-10-05 16:23:49.499,9.6918105,1,760142.0,9.6918105,0
2025-10-05 16:23:55.000,1.274e-05,1.274e-05,1.274e-05,1.274e-05,1026693.0,2025-10-05 16:23:55.499,13.08006882,1,0.0,0.0,0
2025-10-05 16:23:58.500,1.274e-05,1.274e-05,1.274e-05,1.274e-05,174528186.0,2025-10-05 16:23:58.999,2223.48908964,1,0.0,0.0,0
2025-10-05 16:24:04.500,1.275e-05,1.275e-05,1.275e-05,1.275e-05,70920832.0,2025-10-05 16:24:04.999,904.240608,7,70920832.0,904.240608,0
2025-10-05 16:24:09.000,1.275e-05,1.275e-05,1.275e-05,1.275e-05,18364957.0,2025-10-05 16:24:09.499,234.15320175,1,18364957.0,234.15320175,0
2025-10-05 16:24:10.000,1.274e-05,1.274e-05,1.274e-05,1.274e-05,326546.0,2025-10-05 16:24:10.499,4.16019604,1,0.0,0.0,0
2025-10-05 16:24:12.500,1.275e-05,1.275e-05,1.275e-05,1.275e-05,3672245.0,2025-10-05 16:24:12.999,46.82112375,1,3672245.0,46.82112375,0
2025-10-05 16:24:13.000,1.275e-05,1.275e-05,1.275e-05,1.275e-05,156862.0,2025-10-05 16:24:13.499,1.9999905,1,156862.0,1.9999905,0
2025-10-05 16:24:17.000,1.274e-05,1.274e-05,1.274e-05,1.274e-05,37083246.0,2025-10-05 16:24:17.499,472.44055404,1,0.0,0.0,0
2025-10-05 16:24:18.500,1.275e-05,1.275e-05,1.275e-05,1.275e-05,17803921.0,2025-10-05 16:24:18.999,226.99999275,1,17803921.0,226.99999275,0
2025-10-05 16:24:26.000,1.275e-05,1.275e-05,1.275e-05,1.275e-05,7836990.0,2025-10-05 16:24:26.499,99.9216225,1,7836990.0,99.9216225,0
2025-10-05 16:24:32.000,1.275e-05,1.275e-05,1.275e-05,1.275e-05,11767321.0,2025-10-05 16:24:32.499,150.03334275,3,11767321.0,150.03334275,0
2025-10-05 16:24:35.000,1.274e-05,1.274e-05,1.274e-05,1.274e-05,15740170.0,2025-10-05 16:24:35.499,200.5297658,1,0.0,0.0,0
2025-10-05 16:24:38.500,1.275e-05,1.275e-05,1.275e-05,1.275e-05,235104.0,2025-10-05 16:24:38.999,2.997576,1,235104.0,2.997576,0
2025-10-05 16:24:39.500,1.275e-05,1.275e-05,1.275e-05,1.275e-05,1185610.0,2025-10-05 16:24:39.999,15.1165275,1,1185610.0,15.1165275,0
2025-10-05 16:24:42.500,1.275e-05,1.275e-05,1.275e-05,1.275e-05,7843137.0,2025-10-05 16:24:42.999,99.99999675,1,7843137.0,99.99999675,0
2025-10-05 16:24:43.000,1.274e-05,1.274e-05,1.274e-05,1.274e-05,148050.0,2025-10-05 16:24:43.499,1.886157,1,0.0,0.0,0
2025-10-05 16:24:44.000,1.275e-05,1.275e-05,1.275e-05,1.275e-05,240607.0,2025-10-05 16:24:44.499,3.06773925,1,240607.0,3.06773925,0
2025-10-05 16:24:47.500,1.274e-05,1.274e-05,1.274e-05,1.274e-05,261263025.0,2025-10-05 16:24:47.999,3328.4909385,1,0.0,0.0,0
2025-10-05 16:24:48.500,1.275e-05,1.275e-05,1.275e-05,1.275e-05,179240397.0,2025-10-05 16:24:48.999,2285.3150617499996,105,179240397.0,2285.3150617499996,0
2025-10-05 16:24:51.500,1.275e-05,1.275e-05,1.275e-05,1.275e-05,7582571.0,2025-10-05 16:24:51.999,96.67778025,1,0.0,0.0,0
2025-10-05 16:24:54.500,1.275e-05,1.275e-05,1.275e-05,1.275e-05,1887860.0,2025-10-05 16:24:54.999,24.070215,1,0.0,0.0,0
2025-10-05 16:24:55.000,1.275e-05,1.275e-05,1.275e-05,1.275e-05,2000000.0,2025-10-05 16:24:55.499,25.5,1,0.0,0.0,0
2025-10-05 16:24:58.000,1.275e-05,1.275e-05,1.275e-05,1.275e-05,22905009.0,2025-10-05 16:24:58.499,292.0388647499989,89,0.0,0.0,0
2025-10-05 16:24:58.500,1.275e-05,1.275e-05,1.275e-05,1.275e-05,3396393.0,2025-10-05 16:24:58.999,43.30401075,42,0.0,0.0,0
2025-10-05 16:24:59.000,1.275e-05,1.275e-05,1.275e-05,1.275e-05,438766.0,2025-10-05 16:24:59.499,5.5942665,1,438766.0,5.5942665,0
2025-10-05 16:25:01.000,1.275e-05,1.275e-05,1.275e-05,1.275e-05,4062710.0,2025-10-05 16:25:01.499,51.7995525,1,4062710.0,51.7995525,0
2025-10-05 16:25:04.500,1.274e-05,1.274e-05,1.274e-05,1.274e-05,7398298.0,2025-10-05 16:25:04.999,94.25431652,1,0.0,0.0,0
2025-10-05 16:25:09.500,1.275e-05,1.275e-05,1.275e-05,1.275e-05,50000000.0,2025-10-05 16:25:09.999,637.5,1,50000000.0,637.5,0
2025-10-05 16:25:15.000,1.275e-05,1.275e-05,1.275e-05,1.275e-05,78431.0,2025-10-05 16:25:15.499,0.99999525,1,78431.0,0.99999525,0
2025-10-05 16:25:15.500,1.274e-05,1.274e-05,1.274e-05,1.274e-05,11225004.0,2025-10-05 16:25:15.999,143.00655096,2,0.0,0.0,0
2025-10-05 16:25:16.000,1.275e-05,1.275e-05,1.275e-05,1.275e-05,8656838.0,2025-10-05 16:25:16.499,110.3746845,1,8656838.0,110.3746845,0
2025-10-05 16:25:16.500,1.274e-05,1.274e-05,1.274e-05,1.274e-05,785670.0,2025-10-05 16:25:16.999,10.0094358,1,0.0,0.0,0
2025-10-05 16:25:17.000,1.275e-05,1.275e-05,1.275e-05,1.275e-05,2503379.0,2025-10-05 16:25:17.499,31.91808225,1,2503379.0,31.91808225,0
2025-10-05 16:25:31.500,1.275e-05,1.275e-05,1.275e-05,1.275e-05,476805.0,2025-10-05 16:25:31.999,6.07926375,1,476805.0,6.07926375,0
2025-10-05 16:25:39.000,1.274e-05,1.274e-05,1.274e-05,1.274e-05,500885.0,2025-10-05 16:25:39.499,6.3812749,1,0.0,0.0,0
2025-10-05 16:25:40.500,1.275e-05,1.275e-05,1.275e-05,1.275e-05,50000000.0,2025-10-05 16:25:40.999,637.5,1,50000000.0,637.5,0
2025-10-05 16:25:43.500,1.274e-05,1.274e-05,1.274e-05,1.274e-05,480320.0,2025-10-05 16:25:43.999,6.1192768,1,0.0,0.0,0
2025-10-05 16:25:47.500,1.275e-05,1.275e-05,1.275e-05,1.275e-05,470209.0,2025-10-05 16:25:47.999,5.99516475,1,470209.0,5.99516475,0
2025-10-05 16:25:59.000,1.275e-05,1.275e-05,1.275e-05,1.275e-05,5000000.0,2025-10-05 16:25:59.499,63.75,1,5000000.0,63.75,0
2025-10-05 16:26:07.000,1.274e-05,1.275e-05,1.274e-05,1.275e-05,4325205.0,2025-10-05 16:26:07.499,55.11566375,3,1255205.0,16.00386375,0
2025-10-05 16:26:09.000,1.274e-05,1.274e-05,1.274e-05,1.274e-05,834823.0,2025-10-05 16:26:09.499,10.63564502,1,0.0,0.0,0
2025-10-05 16:26:15.000,1.275e-05,1.275e-05,1.275e-05,1.275e-05,291279552.0,2025-10-05 16:26:15.499,3713.814288,1,291279552.0,3713.814288,0
2025-10-05 16:26:17.000,1.275e-05,1.275e-05,1.274e-05,1.274e-05,424283.0,2025-10-05 16:26:17.499,5.40836542,2,300000.0,3.825,0
2025-10-05 16:26:26.000,1.275e-05,1.275e-05,1.275e-05,1.275e-05,956651.0,2025-10-05 16:26:26.499,12.19730025,1,956651.0,12.19730025,0
2025-10-05 16:26:33.500,1.275e-05,1.275e-05,1.275e-05,1.275e-05,122252.0,2025-10-05 16:26:33.999,1.558713,1,122252.0,1.558713,0
2025-10-05 16:26:37.000,1.274e-05,1.274e-05,1.274e-05,1.274e-05,11805128.0,2025-10-05 16:26:37.499,150.39733071999999,5,0.0,0.0,0
2025-10-05 16:26:44.500,1.274e-05,1.275e-05,1.274e-05,1.275e-05,252934.0,2025-10-05 16:26:44.999,3.22391461,2,153545.0,1.95769875,0
2025-10-05 16:26:49.000,1.275e-05,1.275e-05,1.275e-05,1.275e-05,3921568.0,2025-10-05 16:26:49.499,49.999992,1,3921568.0,49.999992,0
2025-10-05 16:26:49.500,1.274e-05,1.274e-05,1.274e-05,1.274e-05,88248317.0,2025-10-05 16:26:49.999,1124.28355858,17,0.0,0.0,0
2025-10-05 16:26:55.000,1.274e-05,1.274e-05,1.274e-05,1.274e-05,746549.0,2025-10-05 16:26:55.499,9.51103426,1,0.0,0.0,0
2025-10-05 16:26:56.000,1.275e-05,1.275e-05,1.275e-05,1.275e-05,19418713.0,2025-10-05 16:26:56.499,247.58859074999998,2,19418713.0,247.58859074999998,0
2025-10-05 16:27:00.000,1.274e-05,1.274e-05,1.274e-05,1.274e-05,956938.0,2025-10-05 16:27:00.499,12.19139012,1,0.0,0.0,0
2025-10-05 16:27:00.500,1.275e-05,1.275e-05,1.275e-05,1.275e-05,235109717.0,2025-10-05 16:27:00.999,2997.64889175,2,235109717.0,2997.64889175,0
2025-10-05 16:27:24.500,1.275e-05,1.275e-05,1.275e-05,1.275e-05,22707172.0,2025-10-05 16:27:24.999,289.516443,6,22707172.0,289.516443,0
2025-10-05 16:27:28.500,1.275e-05,1.275e-05,1.275e-05,1.275e-05,1384660511.0,2025-10-05 16:27:28.999,17654.42151524993,108,1384660511.0,17654.42151524993,0
2025-10-05 16:27:32.000,1.275e-05,1.275e-05,1.275e-05,1.275e-05,11442801.0,2025-10-05 16:27:32.499,145.89571275,2,0.0,0.0,0
2025-10-05 16:27:37.500,1.275e-05,1.275e-05,1.275e-05,1.275e-05,214042.0,2025-10-05 16:27:37.999,2.7290355,1,0.0,0.0,0
2025-10-05 16:27:41.000,1.275e-05,1.275e-05,1.275e-05,1.275e-05,14744786.0,2025-10-05 16:27:41.499,187.9960215,1,0.0,0.0,0
2025-10-05 16:27:53.000,1.275e-05,1.275e-05,1.275e-05,1.275e-05,586458.0,2025-10-05 16:27:53.499,7.4773395,1,0.0,0.0,0
2025-10-05 16:27:55.500,1.276e-05,1.276e-05,1.276e-05,1.276e-05,737113.0,2025-10-05 16:27:55.999,9.40556188,5,737113.0,9.40556188,0
2025-10-05 16:28:17.500,1.276e-05,1.276e-05,1.276e-05,1.276e-05,900590.0,2025-10-05 16:28:17.999,11.4915284,1,900590.0,11.4915284,0
2025-10-05 16:28:29.000,1.275e-05,1.275e-05,1.275e-05,1.275e-05,140665.0,2025-10-05 16:28:29.499,1.79347875,1,0.0,0.0,0
2025-10-05 16:28:29.500,1.276e-05,1.276e-05,1.276e-05,1.276e-05,411171.0,2025-10-05 16:28:29.999,5.24654196,1,411171.0,5.24654196,0
2025-10-05 16:28:36.500,1.275e-05,1.275e-05,1.275e-05,1.275e-05,964767.0,2025-10-05 16:28:36.999,12.30077925,1,0.0,0.0,0
2025-10-05 16:28:39.500,1.276e-05,1.276e-05,1.276e-05,1.276e-05,12463741.0,2025-10-05 16:28:39.999,159.03733516,1,12463741.0,159.03733516,0
2025-10-05 16:28:43.000,1.275e-05,1.275e-05,1.275e-05,1.275e-05,80549161.0,2025-10-05 16:28:43.499,1027.0018027499991,114,0.0,0.0,0
2025-10-05 16:28:55.500,1.274e-05,1.274e-05,1.274e-05,1.274e-05,16505306.0,2025-10-05 16:28:55.999,210.277598440001,92,0.0,0.0,0
2025-10-05 16:29:00.500,1.273e-05,1.274e-05,1.273e-05,1.274e-05,18391932.0,2025-10-05 16:29:00.999,234.20766426,2,7836990.0,99.8432526,0
2025-10-05 16:29:03.000,1.273e-05,1.273e-05,1.273e-05,1.273e-05,1940558.0,2025-10-05 16:29:03.499,24.70330334,1,0.0,0.0,0
2025-10-05 16:29:06.000,1.274e-05,1.274e-05,1.274e-05,1.274e-05,2352402.0,2025-10-05 16:29:06.499,29.96960148,1,2352402.0,29.96960148,0
2025-10-05 16:29:08.500,1.274e-05,1.274e-05,1.274e-05,1.274e-05,12000000.0,2025-10-05 16:29:08.999,152.88,1,12000000.0,152.88,0
2025-10-05 16:29:09.000,1.273e-05,1.273e-05,1.273e-05,1.273e-05,5871165.0,2025-10-05 16:29:09.499,74.73993045,1,0.0,0.0,0
2025-10-05 16:29:11.500,1.274e-05,1.274e-05,1.274e-05,1.274e-05,477676.0,2025-10-05 16:29:11.999,6.08559224,1,477676.0,6.08559224,0
2025-10-05 16:29:29.000,1.273e-05,1.273e-05,1.273e-05,1.273e-05,1942125.0,2025-10-05 16:29:29.499,24.72325125,1,0.0,0.0,0
2025-10-05 16:29:30.500,1.274e-05,1.274e-05,1.274e-05,1.274e-05,1000000.0,2025-10-05 16:29:30.999,12.74,1,1000000.0,12.74,0
2025-10-05 16:29:35.500,1.274e-05,1.274e-05,1.274e-05,1.274e-05,22445492.0,2025-10-05 16:29:35.999,285.95556808,1,22445492.0,285.95556808,0
2025-10-05 16:29:47.000,1.273e-05,1.273e-05,1.273e-05,1.273e-05,628436.0,2025-10-05 16:29:47.499,7.9999902800000005,1,0.0,0.0,0
2025-10-05 16:29:49.500,1.274e-05,1.274e-05,1.274e-05,1.274e-05,4982562.0,2025-10-05 16:29:49.999,63.47783988,1,4982562.0,63.47783988,0
2025-10-05 16:29:58.500,1.274e-05,1.274e-05,1.274e-05,1.274e-05,717164091.0,2025-10-05 16:29:58.999,9136.670519339956,106,717164091.0,9136.670519339956,0
2025-10-05 16:30:00.500,1.275e-05,1.275e-05,1.275e-05,1.275e-05,38742850.0,2025-10-05 16:30:00.999,493.9713375,1,38742850.0,493.9713375,0
2025-10-05 16:30:02.500,1.274e-05,1.274e-05,1.274e-05,1.274e-05,784929.0,2025-10-05 16:30:02.999,9.99999546,1,0.0,0.0,0
2025-10-05 16:30:04.500,1.275e-05,1.275e-05,1.275e-05,1.275e-05,3921568.0,2025-10-05 16:30:04.999,49.999992,1,3921568.0,49.999992,0
2025-10-05 16:30:06.500,1.275e-05,1.275e-05,1.275e-05,1.275e-05,203208142.0,2025-10-05 16:30:06.999,2590.9038105,2,203208142.0,2590.9038105,0
2025-10-05 16:30:10.500,1.274e-05,1.274e-05,1.274e-05,1.274e-05,3586560.0,2025-10-05 16:30:10.999,45.6927744,1,0.0,0.0,0
2025-10-05 16:30:20.500,1.274e-05,1.274e-05,1.274e-05,1.274e-05,1804061.0,2025-10-05 16:30:20.999,22.98373714,1,0.0,0.0,0
2025-10-05 16:30:25.500,1.275e-05,1.275e-05,1.275e-05,1.275e-05,43917289.0,2025-10-05 16:30:25.999,559.94543475,3,43917289.0,559.94543475,0
2025-10-05 16:30:26.500,1.274e-05,1.275e-05,1.274e-05,1.275e-05,2851378.0,2025-10-05 16:30:26.999,36.338333430000006,2,1177771.0,15.01658025,0
2025-10-05 16:30:35.500,1.275e-05,1.275e-05,1.275e-05,1.275e-05,51896298.0,2025-10-05 16:30:35.999,661.6777995,1,51896298.0,661.6777995,0
2025-10-05 16:30:36.000,1.274e-05,1.274e-05,1.274e-05,1.274e-05,100208.0,2025-10-05 16:30:36.499,1.27664992,1,0.0,0.0,0
2025-10-05 16:30:38.500,1.274e-05,1.274e-05,1.274e-05,1.274e-05,6000000.0,2025-10-05 16:30:38.999,76.44,1,0.0,0.0,0
2025-10-05 16:30:44.500,1.274e-05,1.274e-05,1.274e-05,1.274e-05,128293.0,2025-10-05 16:30:44.999,1.63445282,1,0.0,0.0,0
2025-10-05 16:30:47.000,1.275e-05,1.275e-05,1.275e-05,1.275e-05,1838716.0,2025-10-05 16:30:47.499,23.443629,1,1838716.0,23.443629,0
2025-10-05 16:30:51.500,1.274e-05,1.274e-05,1.274e-05,1.274e-05,2500000.0,2025-10-05 16:30:51.999,31.85,1,0.0,0.0,0
2025-10-05 16:30:53.000,1.275e-05,1.275e-05,1.275e-05,1.275e-05,640777.0,2025-10-05 16:30:53.499,8.169906749999999,1,640777.0,8.169906749999999,0
2025-10-05 16:31:01.500,1.275e-05,1.275e-05,1.275e-05,1.275e-05,156826.0,2025-10-05 16:31:01.999,1.9995315,1,156826.0,1.9995315,0
2025-10-05 16:31:05.000,1.274e-05,1.274e-05,1.274e-05,1.274e-05,474690.0,2025-10-05 16:31:05.499,6.0475506,1,0.0,0.0,0
2025-10-05 16:31:15.500,1.275e-05,1.275e-05,1.275e-05,1.275e-05,39098230.0,2025-10-05 16:31:15.999,498.5024325,1,39098230.0,498.5024325,0
2025-10-05 16:31:23.000,1.275e-05,1.275e-05,1.275e-05,1.275e-05,3136510.0,2025-10-05 16:31:23.499,39.9905025,1,3136510.0,39.9905025,0
2025-10-05 16:31:23.500,1.274e-05,1.274e-05,1.274e-05,1.274e-05,1844334.0,2025-10-05 16:31:23.999,23.49681516,1,0.0,0.0,0
2025-10-05 16:31:25.000,1.275e-05,1.275e-05,1.275e-05,1.275e-05,211716.0,2025-10-05 16:31:25.499,2.699379,1,211716.0,2.699379,0
2025-10-05 16:31:31.500,1.274e-05,1.274e-05,1.274e-05,1.274e-05,8587600.0,2025-10-05 16:31:31.999,109.406024,1,0.0,0.0,0
2025-10-05 16:31:35.500,1.275e-05,1.275e-05,1.275e-05,1.275e-05,18918139.0,2025-10-05 16:31:35.999,241.20627225,1,18918139.0,241.20627225,0
2025-10-05 16:31:40.000,1.274e-05,1.274e-05,1.274e-05,1.274e-05,19852294.0,2025-10-05 16:31:40.499,252.91822556,1,0.0,0.0,0
2025-10-05 16:31:40.500,1.275e-05,1.275e-05,1.275e-05,1.275e-05,2446471.0,2025-10-05 16:31:40.999,31.19250525,1,2446471.0,31.19250525,0
2025-10-05 16:31:42.500,1.274e-05,1.274e-05,1.274e-05,1.274e-05,7794511.0,2025-10-05 16:31:42.999,99.30207013999994,91,0.0,0.0,0
2025-10-05 16:31:45.500,1.274e-05,1.274e-05,1.274e-05,1.274e-05,392156.0,2025-10-05 16:31:45.999,4.99606744,3,392156.0,4.99606744,0
2025-10-05 16:31:55.500,1.274e-05,1.274e-05,1.274e-05,1.274e-05,47490451.0,2025-10-05 16:31:55.999,605.02834574,3,47490451.0,605.02834574,0
2025-10-05 16:32:33.500,1.273e-05,1.273e-05,1.273e-05,1.273e-05,34247910.0,2025-10-05 16:32:33.999,435.9758943,20,0.0,0.0,0
2025-10-05 16:32:35.500,1.274e-05,1.274e-05,1.274e-05,1.274e-05,756695.0,2025-10-05 16:32:35.999,9.6402943,1,756695.0,9.6402943,0
2025-10-05 16:32:38.500,1.273e-05,1.273e-05,1.273e-05,1.273e-05,24699370.0,2025-10-05 16:32:38.999,314.42298010000064,95,0.0,0.0,0
2025-10-05 16:32:48.500,1.273e-05,1.273e-05,1.272e-05,1.272e-05,704302.0,2025-10-05 16:32:48.999,8.96429788,2,557644.0,7.09880812,0
2025-10-05 16:32:59.000,1.272e-05,1.272e-05,1.272e-05,1.272e-05,175185263.0,2025-10-05 16:32:59.499,2228.35654536,110,0.0,0.0,0
2025-10-05 16:33:05.000,1.273e-05,1.273e-05,1.273e-05,1.273e-05,278777648.0,2025-10-05 16:33:05.499,3548.8394590400003,3,278777648.0,3548.8394590400003,0
2025-10-05 16:33:12.500,1.272e-05,1.272e-05,1.271e-05,1.271e-05,1532708598.0,2025-10-05 16:33:12.999,19494.469659199993,134,0.0,0.0,0
2025-10-05 16:33:17.500,1.271e-05,1.271e-05,1.271e-05,1.271e-05,2153655.0,2025-10-05 16:33:17.999,27.37295505,1,0.0,0.0,0
2025-10-05 16:33:20.000,1.271e-05,1.271e-05,1.271e-05,1.271e-05,9327410.0,2025-10-05 16:33:20.499,118.5513811,1,0.0,0.0,0
2025-10-05 16:33:22.000,1.272e-05,1.272e-05,1.272e-05,1.272e-05,1570733.0,2025-10-05 16:33:22.499,19.97972376,1,1570733.0,19.97972376,0
2025-10-05 16:33:30.000,1.272e-05,1.272e-05,1.272e-05,1.272e-05,1134244.0,2025-10-05 16:33:30.499,14.42758368,1,1134244.0,14.42758368,0
2025-10-05 16:33:40.000,1.271e-05,1.271e-05,1.271e-05,1.271e-05,788644.0,2025-10-05 16:33:40.499,10.02366524,1,0.0,0.0,0
2025-10-05 16:33:49.500,1.271e-05,1.271e-05,1.271e-05,1.271e-05,22330542.0,2025-10-05 16:33:49.999,283.82118882000003,1,0.0,0.0,0
2025-10-05 16:33:50.500,1.272e-05,1.272e-05,1.272e-05,1.272e-05,300000.0,2025-10-05 16:33:50.999,3.816,1,300000.0,3.816,0
2025-10-05 16:34:05.000,1.271e-05,1.271e-05,1.271e-05,1.271e-05,416568092.0,2025-10-05 16:34:05.499,5294.580449319999,107,0.0,0.0,0
2025-10-05 16:34:09.500,1.27e-05,1.27e-05,1.27e-05,1.27e-05,393700.0,2025-10-05 16:34:09.999,4.99999,1,0.0,0.0,0
2025-10-05 16:34:11.500,1.271e-05,1.271e-05,1.271e-05,1.271e-05,284690185.0,2025-10-05 16:34:11.999,3618.4122513500006,5,284690185.0,3618.4122513500006,0
2025-10-05 16:34:14.000,1.271e-05,1.271e-05,1.271e-05,1.271e-05,393391030.0,2025-10-05 16:34:14.499,4999.9999913,1,393391030.0,4999.9999913,0
2025-10-05 16:34:20.000,1.271e-05,1.271e-05,1.271e-05,1.271e-05,393391031.0,2025-10-05 16:34:20.499,5000.00000401,3,393391031.0,5000.00000401,0
2025-10-05 16:34:20.500,1.271e-05,1.271e-05,1.271e-05,1.271e-05,157356.0,2025-10-05 16:34:20.999,1.99999476,1,157356.0,1.99999476,0
2025-10-05 16:34:28.500,1.27e-05,1.27e-05,1.27e-05,1.27e-05,10957271.0,2025-10-05 16:34:28.999,139.15734170000002,1,0.0,0.0,0
2025-10-05 16:34:29.000,1.27e-05,1.27e-05,1.27e-05,1.27e-05,393391029.0,2025-10-05 16:34:29.499,4996.066068300001,1,0.0,0.0,0
2025-10-05 16:34:30.000,1.27e-05,1.27e-05,1.27e-05,1.27e-05,17715686.0,2025-10-05 16:34:30.499,224.9892122,1,0.0,0.0,0
2025-10-05 16:34:32.500,1.27e-05,1.27e-05,1.27e-05,1.27e-05,44283787.0,2025-10-05 16:34:32.999,562.4040948999974,118,160664.0,2.0404328,0
2025-10-05 16:34:33.000,1.27e-05,1.27e-05,1.27e-05,1.27e-05,945626.0,2025-10-05 16:34:33.499,12.0094502,1,945626.0,12.0094502,0
2025-10-05 16:34:33.500,1.27e-05,1.27e-05,1.27e-05,1.27e-05,945626.0,2025-10-05 16:34:33.999,12.0094502,1,945626.0,12.0094502,0
2025-10-05 16:34:36.500,1.27e-05,1.27e-05,1.27e-05,1.27e-05,1890399.0,2025-10-05 16:34:36.999,24.0080673,1,1890399.0,24.0080673,0
2025-10-05 16:34:37.000,1.269e-05,1.269e-05,1.269e-05,1.269e-05,1966202.0,2025-10-05 16:34:37.499,24.95110338,1,0.0,0.0,0
2025-10-05 16:34:40.500,1.27e-05,1.27e-05,1.27e-05,1.27e-05,1500000.0,2025-10-05 16:34:40.999,19.05,1,1500000.0,19.05,0
2025-10-05 16:34:43.500,1.27e-05,1.27e-05,1.27e-05,1.27e-05,151921.0,2025-10-05 16:34:43.999,1.9293967,1,151921.0,1.9293967,0
2025-10-05 16:34:49.000,1.269e-05,1.269e-05,1.269e-05,1.269e-05,459003453.0,2025-10-05 16:34:49.499,5824.753818570001,123,0.0,0.0,0
2025-10-05 16:34:57.000,1.269e-05,1.269e-05,1.269e-05,1.269e-05,6627191.0,2025-10-05 16:34:57.499,84.09905379,1,6627191.0,84.09905379,0
2025-10-05 16:35:01.000,1.269e-05,1.269e-05,1.269e-05,1.269e-05,7872192.0,2025-10-05 16:35:01.499,99.89811648,4,7872192.0,99.89811648,0
2025-10-05 16:35:10.500,1.268e-05,1.268e-05,1.268e-05,1.268e-05,1800657157.0,2025-10-05 16:35:10.999,22832.332750760008,61,0.0,0.0,0
2025-10-05 16:35:12.000,1.268e-05,1.268e-05,1.268e-05,1.268e-05,7912615.0,2025-10-05 16:35:12.499,100.3319582,1,0.0,0.0,0
2025-10-05 16:35:12.500,1.269e-05,1.269e-05,1.269e-05,1.269e-05,200000.0,2025-10-05 16:35:12.999,2.5380000000000003,1,200000.0,2.5380000000000003,0
2025-10-05 16:35:20.500,1.269e-05,1.269e-05,1.269e-05,1.269e-05,1219803.0,2025-10-05 16:35:20.999,15.47930007,1,1219803.0,15.47930007,0
2025-10-05 16:35:33.500,1.268e-05,1.268e-05,1.268e-05,1.268e-05,1000000.0,2025-10-05 16:35:33.999,12.68,1,0.0,0.0,0
2025-10-05 16:35:34.500,1.268e-05,1.268e-05,1.268e-05,1.268e-05,425064647.0,2025-10-05 16:35:34.999,5389.81972396,129,249415474.0,3162.58821032,0
2025-10-05 16:35:35.000,1.268e-05,1.268e-05,1.268e-05,1.268e-05,316215681.0,2025-10-05 16:35:35.499,4009.6148350800004,1,316215681.0,4009.6148350800004,0
2025-10-05 16:35:36.500,1.268e-05,1.268e-05,1.268e-05,1.268e-05,5531128.0,2025-10-05 16:35:36.999,70.13470304,1,5531128.0,70.13470304,0
2025-10-05 16:35:37.500,1.268e-05,1.268e-05,1.268e-05,1.268e-05,3490024.0,2025-10-05 16:35:37.999,44.253504320000005,1,3490024.0,44.253504320000005,0
2025-10-05 16:35:43.000,1.268e-05,1.268e-05,1.268e-05,1.268e-05,145950.0,2025-10-05 16:35:43.499,1.850646,1,145950.0,1.850646,0
2025-10-05 16:35:53.000,1.268e-05,1.269e-05,1.268e-05,1.269e-05,543577334.0,2025-10-05 16:35:53.499,6893.565955120002,106,543577334.0,6893.565955120002,0
2025-10-05 16:35:54.000,1.268e-05,1.268e-05,1.268e-05,1.268e-05,506742157.0,2025-10-05 16:35:54.499,6425.490550760019,130,0.0,0.0,0
2025-10-05 16:35:58.500,1.267e-05,1.267e-05,1.267e-05,1.267e-05,6416674.0,2025-10-05 16:35:58.999,81.29925958000001,7,0.0,0.0,0
2025-10-05 16:36:01.500,1.267e-05,1.267e-05,1.267e-05,1.267e-05,4747549.0,2025-10-05 16:36:01.999,60.151445830000014,16,0.0,0.0,0
2025-10-05 16:36:04.000,1.268e-05,1.268e-05,1.268e-05,1.268e-05,750000.0,2025-10-05 16:36:04.499,9.51,1,750000.0,9.51,0
2025-10-05 16:36:05.500,1.267e-05,1.267e-05,1.267e-05,1.267e-05,179924038.0,2025-10-05 16:36:05.999,2279.6375614599997,88,0.0,0.0,0
2025-10-05 16:36:06.000,1.267e-05,1.267e-05,1.267e-05,1.267e-05,164038739.0,2025-10-05 16:36:06.499,2078.37082313,4,0.0,0.0,0
2025-10-05 16:36:07.500,1.268e-05,1.268e-05,1.268e-05,1.268e-05,368905.0,2025-10-05 16:36:07.999,4.6777154,1,368905.0,4.6777154,0
2025-10-05 16:36:13.000,1.268e-05,1.268e-05,1.268e-05,1.268e-05,166510.0,2025-10-05 16:36:13.499,2.1113468,1,166510.0,2.1113468,0
2025-10-05 16:36:19.500,1.268e-05,1.268e-05,1.268e-05,1.268e-05,136633649.0,2025-10-05 16:36:19.999,1732.5146693199995,97,136633649.0,1732.5146693199995,0
2025-10-05 16:36:20.000,1.268e-05,1.268e-05,1.268e-05,1.268e-05,38026595.0,2025-10-05 16:36:20.499,482.17722459999953,91,38026595.0,482.17722459999953,0
2025-10-05 16:36:21.000,1.268e-05,1.268e-05,1.268e-05,1.268e-05,6663242.0,2025-10-05 16:36:21.499,84.4899085600001,82,0.0,0.0,0
2025-10-05 16:36:21.500,1.268e-05,1.268e-05,1.268e-05,1.268e-05,275961.0,2025-10-05 16:36:21.999,3.49918548,1,275961.0,3.49918548,0
2025-10-05 16:36:25.500,1.267e-05,1.267e-05,1.267e-05,1.267e-05,27146739.0,2025-10-05 16:36:25.999,343.94918313,1,0.0,0.0,0
2025-10-05 16:36:27.500,1.267e-05,1.267e-05,1.267e-05,1.267e-05,2061972.0,2025-10-05 16:36:27.999,26.12518524,1,0.0,0.0,0
2025-10-05 16:36:30.000,1.267e-05,1.267e-05,1.267e-05,1.267e-05,7734806.0,2025-10-05 16:36:30.499,97.99999202000001,1,0.0,0.0,0
2025-10-05 16:36:36.000,1.268e-05,1.268e-05,1.268e-05,1.268e-05,665677764.0,2025-10-05 16:36:36.499,8440.794047520001,114,665677764.0,8440.794047520001,0
2025-10-05 16:36:37.500,1.269e-05,1.269e-05,1.269e-05,1.269e-05,1221144.0,2025-10-05 16:36:37.999,15.49631736,1,1221144.0,15.49631736,0
2025-10-05 16:36:41.000,1.268e-05,1.268e-05,1.268e-05,1.268e-05,1058216.0,2025-10-05 16:36:41.499,13.418178879999997,13,0.0,0.0,0
2025-10-05 16:36:44.000,1.269e-05,1.269e-05,1.269e-05,1.269e-05,126387.0,2025-10-05 16:36:44.499,1.60385103,1,126387.0,1.60385103,0
2025-10-05 16:36:50.500,1.269e-05,1.269e-05,1.269e-05,1.269e-05,123153.0,2025-10-05 16:36:50.999,1.56281157,1,123153.0,1.56281157,0
2025-10-05 16:37:01.500,1.268e-05,1.268e-05,1.268e-05,1.268e-05,6826161.0,2025-10-05 16:37:01.999,86.55572148000009,85,0.0,0.0,0
2025-10-05 16:37:10.500,1.268e-05,1.268e-05,1.268e-05,1.268e-05,124983578.0,2025-10-05 16:37:10.999,1584.7917690399997,98,124983578.0,1584.7917690399997,0
2025-10-05 16:37:21.000,1.269e-05,1.269e-05,1.268e-05,1.268e-05,25852494.0,2025-10-05 16:37:21.499,328.06322939000006,2,25360547.0,321.82534143000004,0
2025-10-05 16:37:33.500,1.268e-05,1.268e-05,1.268e-05,1.268e-05,4227467.0,2025-10-05 16:37:33.999,53.604281560000004,1,0.0,0.0,0
2025-10-05 16:37:44.000,1.268e-05,1.268e-05,1.268e-05,1.268e-05,999000.0,2025-10-05 16:37:44.499,12.66732,1,0.0,0.0,0
2025-10-05 16:37:46.000,1.268e-05,1.268e-05,1.268e-05,1.268e-05,1003311.0,2025-10-05 16:37:46.499,12.72198348,1,0.0,0.0,0
2025-10-05 16:37:53.500,1.268e-05,1.268e-05,1.267e-05,1.267e-05,258427609.0,2025-10-05 16:37:53.999,3276.852610970017,89,0.0,0.0,0
2025-10-05 16:37:57.000,1.268e-05,1.268e-05,1.268e-05,1.268e-05,487909.0,2025-10-05 16:37:57.499,6.18668612,1,487909.0,6.18668612,0
2025-10-05 16:37:59.500,1.268e-05,1.268e-05,1.268e-05,1.268e-05,393921.0,2025-10-05 16:37:59.999,4.99491828,1,393921.0,4.99491828,0
2025-10-05 16:38:01.500,1.267e-05,1.267e-05,1.267e-05,1.267e-05,13739268.0,2025-10-05 16:38:01.999,174.07652556000002,1,0.0,0.0,0
2025-10-05 16:38:07.500,1.268e-05,1.268e-05,1.268e-05,1.268e-05,7911673.0,2025-10-05 16:38:07.999,100.32001364,1,7911673.0,100.32001364,0
2025-10-05 16:38:10.500,1.268e-05,1.268e-05,1.268e-05,1.268e-05,4004269.0,2025-10-05 16:38:10.999,50.774130920000005,2,4004269.0,50.774130920000005,0
2025-10-05 16:38:15.000,1.267e-05,1.267e-05,1.267e-05,1.267e-05,180674391.0,2025-10-05 16:38:15.499,2289.1445339700003,1,0.0,0.0,0
2025-10-05 16:38:16.500,1.267e-05,1.267e-05,1.267e-05,1.267e-05,16432135.0,2025-10-05 16:38:16.999,208.19515045,1,0.0,0.0,0
2025-10-05 16:38:31.500,1.267e-05,1.267e-05,1.267e-05,1.267e-05,7182320.0,2025-10-05 16:38:31.999,90.9999944,1,0.0,0.0,0
2025-10-05 16:38:34.000,1.267e-05,1.267e-05,1.267e-05,1.267e-05,1712139.0,2025-10-05 16:38:34.499,21.69280113,1,0.0,0.0,0
2025-10-05 16:38:40.000,1.268e-05,1.268e-05,1.268e-05,1.268e-05,672753.0,2025-10-05 16:38:40.499,8.53050804,1,672753.0,8.53050804,0
2025-10-05 16:38:43.500,1.268e-05,1.268e-05,1.268e-05,1.268e-05,221774.0,2025-10-05 16:38:43.999,2.81209432,1,221774.0,2.81209432,0
2025-10-05 16:38:44.000,1.267e-05,1.267e-05,1.267e-05,1.267e-05,111938.0,2025-10-05 16:38:44.499,1.41825446,1,0.0,0.0,0
2025-10-05 16:38:47.500,1.268e-05,1.268e-05,1.268e-05,1.268e-05,806500.0,2025-10-05 16:38:47.999,10.226420000000001,1,806500.0,10.226420000000001,0
2025-10-05 16:38:55.500,1.267e-05,1.267e-05,1.267e-05,1.267e-05,1000000.0,2025-10-05 16:38:55.999,12.67,1,0.0,0.0,0
2025-10-05 16:39:01.500,1.267e-05,1.267e-05,1.267e-05,1.267e-05,95311.0,2025-10-05 16:39:01.999,1.2075903700000001,1,0.0,0.0,0
2025-10-05 16:39:13.500,1.267e-05,1.267e-05,1.267e-05,1.267e-05,891625.0,2025-10-05 16:39:13.999,11.29688875,1,0.0,0.0,0
2025-10-05 16:39:36.000,1.267e-05,1.267e-05,1.267e-05,1.267e-05,16115071.0,2025-10-05 16:39:36.499,204.17794957,1,0.0,0.0,0
2025-10-05 16:39:38.500,1.267e-05,1.267e-05,1.267e-05,1.267e-05,10311305.0,2025-10-05 16:39:38.999,130.64423435,1,0.0,0.0,0
2025-10-05 16:39:40.000,1.267e-05,1.267e-05,1.267e-05,1.267e-05,14023375.0,2025-10-05 16:39:40.499,177.67616125,1,0.0,0.0,0
2025-10-05 16:39:44.500,1.267e-05,1.267e-05,1.267e-05,1.267e-05,14155360.0,2025-10-05 16:39:44.999,179.34841120000002,1,0.0,0.0,0
2025-10-05 16:39:48.500,1.267e-05,1.267e-05,1.267e-05,1.267e-05,13066487.0,2025-10-05 16:39:48.999,165.55239028999995,8,0.0,0.0,0
2025-10-05 16:39:51.000,1.268e-05,1.268e-05,1.268e-05,1.268e-05,1465860.0,2025-10-05 16:39:51.499,18.587104800000002,1,1465860.0,18.587104800000002,0
2025-10-05 16:39:59.500,1.267e-05,1.267e-05,1.267e-05,1.267e-05,164831458.0,2025-10-05 16:39:59.999,2088.41457286,89,0.0,0.0,0
2025-10-05 16:40:03.000,1.267e-05,1.267e-05,1.267e-05,1.267e-05,7403659.0,2025-10-05 16:40:03.499,93.80435953,1,7403659.0,93.80435953,0
2025-10-05 16:40:10.500,1.266e-05,1.266e-05,1.266e-05,1.266e-05,2438837.0,2025-10-05 16:40:10.999,30.87567642,3,0.0,0.0,0
2025-10-05 16:40:21.000,1.267e-05,1.267e-05,1.267e-05,1.267e-05,789265.0,2025-10-05 16:40:21.499,9.99998755,1,789265.0,9.99998755,0
2025-10-05 16:40:23.500,1.266e-05,1.266e-05,1.266e-05,1.266e-05,3474722.0,2025-10-05 16:40:23.999,43.98998052,1,0.0,0.0,0
2025-10-05 16:40:24.000,1.267e-05,1.268e-05,1.267e-05,1.268e-05,345962002.0,2025-10-05 16:40:24.499,4383.348036530018,100,345962002.0,4383.348036530018,0
2025-10-05 16:40:24.500,1.268e-05,1.268e-05,1.268e-05,1.268e-05,947119.0,2025-10-05 16:40:24.999,12.00946892,1,947119.0,12.00946892,0
2025-10-05 16:40:33.500,1.268e-05,1.268e-05,1.268e-05,1.268e-05,787725.0,2025-10-05 16:40:33.999,9.988353,1,787725.0,9.988353,0
2025-10-05 16:40:48.000,1.268e-05,1.268e-05,1.268e-05,1.268e-05,805030.0,2025-10-05 16:40:48.499,10.2077804,1,805030.0,10.2077804,0
2025-10-05 16:40:49.500,1.268e-05,1.268e-05,1.268e-05,1.268e-05,175632.0,2025-10-05 16:40:49.999,2.22701376,1,175632.0,2.22701376,0
2025-10-05 16:40:55.000,1.267e-05,1.267e-05,1.267e-05,1.267e-05,2042442.0,2025-10-05 16:40:55.499,25.87774014,1,0.0,0.0,0
2025-10-05 16:40:56.500,1.268e-05,1.269e-05,1.268e-05,1.269e-05,1921673062.0,2025-10-05 16:40:56.999,24367.825596159917,114,1921673062.0,24367.825596159917,0
2025-10-05 16:40:57.500,1.269e-05,1.269e-05,1.269e-05,1.269e-05,76554552.0,2025-10-05 16:40:57.999,971.4772648799977,80,76554552.0,971.4772648799977,0
2025-10-05 16:40:59.000,1.27e-05,1.27e-05,1.27e-05,1.27e-05,817170.0,2025-10-05 16:40:59.499,10.378059,1,817170.0,10.378059,0
2025-10-05 16:41:03.000,1.269e-05,1.269e-05,1.269e-05,1.269e-05,6657987.0,2025-10-05 16:41:03.499,84.48985503,82,0.0,0.0,0
2025-10-05 16:41:08.500,1.268e-05,1.268e-05,1.268e-05,1.268e-05,804159.0,2025-10-05 16:41:08.999,10.19673612,1,0.0,0.0,0
2025-10-05 16:41:09.000,1.268e-05,1.268e-05,1.268e-05,1.268e-05,5770139.0,2025-10-05 16:41:09.499,73.16536252,1,0.0,0.0,0
2025-10-05 16:41:14.500,1.268e-05,1.268e-05,1.268e-05,1.268e-05,4352860.0,2025-10-05 16:41:14.999,55.1942648,1,0.0,0.0,0
2025-10-05 16:41:23.500,1.269e-05,1.269e-05,1.269e-05,1.269e-05,2018026.0,2025-10-05 16:41:23.999,25.608749940000003,1,2018026.0,25.608749940000003,0
2025-10-05 16:41:24.500,1.268e-05,1.268e-05,1.268e-05,1.268e-05,242656.0,2025-10-05 16:41:24.999,3.07687808,1,0.0,0.0,0
2025-10-05 16:41:25.000,1.269e-05,1.269e-05,1.269e-05,1.269e-05,3575248.0,2025-10-05 16:41:25.499,45.369897120000005,1,3575248.0,45.369897120000005,0
2025-10-05 16:41:30.500,1.268e-05,1.268e-05,1.268e-05,1.268e-05,95331.0,2025-10-05 16:41:30.999,1.20879708,1,0.0,0.0,0
2025-10-05 16:41:33.500,1.269e-05,1.269e-05,1.269e-05,1.269e-05,133586.0,2025-10-05 16:41:33.999,1.6952063400000001,1,133586.0,1.6952063400000001,0
2025-10-05 16:41:34.500,1.269e-05,1.269e-05,1.269e-05,1.269e-05,2459003.0,2025-10-05 16:41:34.999,31.20474807,1,2459003.0,31.20474807,0
2025-10-05 16:41:35.500,1.269e-05,1.269e-05,1.269e-05,1.269e-05,39308176.0,2025-10-05 16:41:35.999,498.82075344000003,1,39308176.0,498.82075344000003,0
2025-10-05 16:41:41.500,1.268e-05,1.268e-05,1.268e-05,1.268e-05,274409.0,2025-10-05 16:41:41.999,3.4795061200000004,1,0.0,0.0,0
2025-10-05 16:41:42.500,1.268e-05,1.268e-05,1.268e-05,1.268e-05,731876578.0,2025-10-05 16:41:42.999,9280.195009040011,103,0.0,0.0,0
2025-10-05 16:41:43.500,1.268e-05,1.268e-05,1.268e-05,1.268e-05,394321.0,2025-10-05 16:41:43.999,4.9999902800000005,1,394321.0,4.9999902800000005,0
2025-10-05 16:41:49.000,1.268e-05,1.268e-05,1.268e-05,1.268e-05,122516900.0,2025-10-05 16:41:49.499,1553.5142919999994,107,122516900.0,1553.5142919999994,0
2025-10-05 16:41:49.500,1.269e-05,1.269e-05,1.269e-05,1.269e-05,20000000.0,2025-10-05 16:41:49.999,253.8,1,20000000.0,253.8,0
2025-10-05 16:41:51.500,1.268e-05,1.268e-05,1.268e-05,1.268e-05,167643.0,2025-10-05 16:41:51.999,2.12571324,1,0.0,0.0,0
2025-10-05 16:41:56.000,1.268e-05,1.268e-05,1.268e-05,1.268e-05,1027970.0,2025-10-05 16:41:56.499,13.034659600000001,1,0.0,0.0,0
2025-10-05 16:42:00.000,1.268e-05,1.268e-05,1.268e-05,1.268e-05,109973914.0,2025-10-05 16:42:00.499,1394.4692295199984,119,0.0,0.0,0
2025-10-05 16:42:05.500,1.268e-05,1.268e-05,1.268e-05,1.268e-05,472432.0,2025-10-05 16:42:05.999,5.99043776,1,472432.0,5.99043776,0
2025-10-05 16:42:08.500,1.267e-05,1.267e-05,1.267e-05,1.267e-05,472085110.0,2025-10-05 16:42:08.999,5981.318343700001,5,0.0,0.0,0
2025-10-05 16:42:12.000,1.268e-05,1.268e-05,1.268e-05,1.268e-05,1027366.0,2025-10-05 16:42:12.499,13.027000880000001,1,1027366.0,13.027000880000001,0
2025-10-05 16:42:13.500,1.267e-05,1.268e-05,1.267e-05,1.268e-05,18835157.0,2025-10-05 16:42:13.999,238.64632484000018,93,488565.0,6.1950042000000005,0
2025-10-05 16:42:26.000,1.267e-05,1.267e-05,1.267e-05,1.267e-05,79160062.0,2025-10-05 16:42:26.499,1002.9579855400002,83,0.0,0.0,0
2025-10-05 16:42:28.000,1.267e-05,1.267e-05,1.267e-05,1.267e-05,6586214.0,2025-10-05 16:42:28.499,83.44733138000016,81,0.0,0.0,0
2025-10-05 16:42:28.500,1.266e-05,1.266e-05,1.266e-05,1.266e-05,222097.0,2025-10-05 16:42:28.999,2.81174802,1,0.0,0.0,0
2025-10-05 16:42:31.000,1.267e-05,1.267e-05,1.267e-05,1.267e-05,378816.0,2025-10-05 16:42:31.499,4.7995987200000005,1,378816.0,4.7995987200000005,0
2025-10-05 16:42:32.500,1.267e-05,1.267e-05,1.267e-05,1.267e-05,263650566.0,2025-10-05 16:42:32.999,3340.4526712200004,7,263650566.0,3340.4526712200004,0
2025-10-05 16:42:34.000,1.267e-05,1.267e-05,1.267e-05,1.267e-05,174000000.0,2025-10-05 16:42:34.499,2204.579999999998,91,174000000.0,2204.579999999998,0
2025-10-05 16:42:34.500,1.267e-05,1.267e-05,1.267e-05,1.267e-05,275710889.0,2025-10-05 16:42:34.999,3493.256963630013,70,275710889.0,3493.256963630013,0
2025-10-05 16:42:36.000,1.267e-05,1.267e-05,1.267e-05,1.267e-05,285232669.0,2025-10-05 16:42:36.499,3613.89791623,3,0.0,0.0,0
2025-10-05 16:42:40.000,1.267e-05,1.267e-05,1.267e-05,1.267e-05,30020133.0,2025-10-05 16:42:40.499,380.35508511,1,0.0,0.0,0
2025-10-05 16:42:42.000,1.268e-05,1.268e-05,1.268e-05,1.268e-05,3020504.0,2025-10-05 16:42:42.499,38.299990720000004,1,3020504.0,38.299990720000004,0
2025-10-05 16:42:43.000,1.268e-05,1.268e-05,1.268e-05,1.268e-05,102523659.0,2025-10-05 16:42:43.499,1299.99999612,2,102523659.0,1299.99999612,0
2025-10-05 16:42:44.000,1.267e-05,1.267e-05,1.267e-05,1.267e-05,87218.0,2025-10-05 16:42:44.499,1.10505206,1,0.0,0.0,0
2025-10-05 16:42:45.000,1.268e-05,1.268e-05,1.267e-05,1.267e-05,511358.0,2025-10-05 16:42:45.499,6.482855430000001,2,394957.0,5.00805476,0
2025-10-05 16:42:50.000,1.267e-05,1.267e-05,1.267e-05,1.267e-05,1425819361.0,2025-10-05 16:42:50.499,18065.131303870003,133,0.0,0.0,0
2025-10-05 16:42:53.000,1.266e-05,1.266e-05,1.266e-05,1.266e-05,246992.0,2025-10-05 16:42:53.499,3.1269187200000004,1,0.0,0.0,0
2025-10-05 16:43:00.000,1.267e-05,1.267e-05,1.267e-05,1.267e-05,6822690.0,2025-10-05 16:43:00.499,86.4434823,1,6822690.0,86.4434823,0
2025-10-05 16:43:03.000,1.266e-05,1.266e-05,1.266e-05,1.266e-05,15536547.0,2025-10-05 16:43:03.499,196.69268502,1,0.0,0.0,0
2025-10-05 16:43:04.000,1.266e-05,1.266e-05,1.266e-05,1.266e-05,3500000.0,2025-10-05 16:43:04.499,44.31,1,0.0,0.0,0
2025-10-05 16:43:09.500,1.266e-05,1.266e-05,1.266e-05,1.266e-05,233803521.0,2025-10-05 16:43:09.999,2959.9525758600107,141,0.0,0.0,0
2025-10-05 16:43:12.500,1.266e-05,1.266e-05,1.265e-05,1.265e-05,34831654.0,2025-10-05 16:43:12.999,440.6333951399999,33,1297204.0,16.42260264,0
2025-10-05 16:43:17.000,1.265e-05,1.265e-05,1.265e-05,1.265e-05,805000.0,2025-10-05 16:43:17.499,10.18325,2,0.0,0.0,0
2025-10-05 16:43:34.000,1.265e-05,1.265e-05,1.265e-05,1.265e-05,71700028.0,2025-10-05 16:43:34.499,907.0053542,28,0.0,0.0,0
2025-10-05 16:43:41.000,1.266e-05,1.266e-05,1.266e-05,1.266e-05,572178.0,2025-10-05 16:43:41.499,7.243773480000001,1,572178.0,7.243773480000001,0
2025-10-05 16:43:44.500,1.266e-05,1.266e-05,1.266e-05,1.266e-05,474308.0,2025-10-05 16:43:44.999,6.004739280000001,1,474308.0,6.004739280000001,0
2025-10-05 16:43:47.500,1.266e-05,1.266e-05,1.265e-05,1.265e-05,1315883.0,2025-10-05 16:43:47.999,16.64907878,2,315883.0,3.99907878,0
2025-10-05 16:43:50.500,1.266e-05,1.266e-05,1.266e-05,1.266e-05,119412.0,2025-10-05 16:43:50.999,1.5117559200000001,1,119412.0,1.5117559200000001,0
2025-10-05 16:43:53.500,1.266e-05,1.266e-05,1.266e-05,1.266e-05,408547219.0,2025-10-05 16:43:53.999,5172.207792540004,110,408547219.0,5172.207792540004,0
2025-10-05 16:43:55.000,1.267e-05,1.267e-05,1.267e-05,1.267e-05,924584.0,2025-10-05 16:43:55.499,11.71447928,1,924584.0,11.71447928,0
2025-10-05 16:43:55.500,1.266e-05,1.266e-05,1.266e-05,1.266e-05,5961365.0,2025-10-05 16:43:55.999,75.4708809,2,0.0,0.0,0
2025-10-05 16:43:56.000,1.266e-05,1.266e-05,1.266e-05,1.266e-05,3949447.0,2025-10-05 16:43:56.499,49.999999020000004,1,0.0,0.0,0
2025-10-05 16:43:58.500,1.266e-05,1.266e-05,1.266e-05,1.266e-05,87968.0,2025-10-05 16:43:58.999,1.11367488,1,0.0,0.0,0
2025-10-05 16:44:03.500,1.266e-05,1.266e-05,1.266e-05,1.266e-05,18413568.0,2025-10-05 16:44:03.999,233.11577088,1,0.0,0.0,0
2025-10-05 16:44:05.000,1.266e-05,1.266e-05,1.266e-05,1.266e-05,2270142.0,2025-10-05 16:44:05.499,28.73999772,1,0.0,0.0,0
2025-10-05 16:44:07.000,1.267e-05,1.267e-05,1.267e-05,1.267e-05,23715415.0,2025-10-05 16:44:07.499,300.47430805,1,23715415.0,300.47430805,0
2025-10-05 16:44:11.000,1.267e-05,1.267e-05,1.267e-05,1.267e-05,904456.0,2025-10-05 16:44:11.499,11.45945752,1,904456.0,11.45945752,0
2025-10-05 16:44:18.000,1.266e-05,1.266e-05,1.266e-05,1.266e-05,1501955.0,2025-10-05 16:44:18.499,19.014750300000003,6,0.0,0.0,0
2025-10-05 16:44:19.000,1.266e-05,1.266e-05,1.266e-05,1.266e-05,60794928.0,2025-10-05 16:44:19.499,769.6637884800006,114,0.0,0.0,0
2025-10-05 16:44:28.000,1.266e-05,1.266e-05,1.266e-05,1.266e-05,381309.0,2025-10-05 16:44:28.499,4.82737194,1,381309.0,4.82737194,0
2025-10-05 16:44:31.000,1.266e-05,1.266e-05,1.266e-05,1.266e-05,4107424.0,2025-10-05 16:44:31.499,51.99998784,1,4107424.0,51.99998784,0
2025-10-05 16:44:32.000,1.266e-05,1.266e-05,1.266e-05,1.266e-05,9408234.0,2025-10-05 16:44:32.499,119.10824244000001,1,9408234.0,119.10824244000001,0
2025-10-05 16:44:34.500,1.266e-05,1.266e-05,1.266e-05,1.266e-05,11644000.0,2025-10-05 16:44:34.999,147.4130399999999,148,11644000.0,147.4130399999999,0
2025-10-05 16:44:35.000,1.266e-05,1.266e-05,1.266e-05,1.266e-05,8796600.0,2025-10-05 16:44:35.499,111.36495599999984,115,8796600.0,111.36495599999984,0
2025-10-05 16:44:35.500,1.266e-05,1.266e-05,1.266e-05,1.266e-05,125408485.0,2025-10-05 16:44:35.999,1587.6714201000004,55,125408485.0,1587.6714201000004,0
2025-10-05 16:44:37.000,1.266e-05,1.267e-05,1.266e-05,1.267e-05,93380644.0,2025-10-05 16:44:37.499,1182.29134906,2,9239602.0,117.06575734,0
2025-10-05 16:44:38.500,1.266e-05,1.266e-05,1.266e-05,1.266e-05,89910.0,2025-10-05 16:44:38.999,1.1382606000000002,1,0.0,0.0,0
2025-10-05 16:44:45.000,1.267e-05,1.267e-05,1.267e-05,1.267e-05,367337.0,2025-10-05 16:44:45.499,4.6541597900000005,1,367337.0,4.6541597900000005,0
2025-10-05 16:44:53.000,1.266e-05,1.266e-05,1.266e-05,1.266e-05,15797788.0,2025-10-05 16:44:53.499,199.99999608000002,1,0.0,0.0,0
2025-10-05 16:44:53.500,1.267e-05,1.267e-05,1.267e-05,1.267e-05,275408.0,2025-10-05 16:44:53.999,3.4894193600000003,1,275408.0,3.4894193600000003,0
2025-10-05 16:44:56.500,1.266e-05,1.266e-05,1.266e-05,1.266e-05,1011589.0,2025-10-05 16:44:56.999,12.80671674,1,0.0,0.0,0
2025-10-05 16:44:57.000,1.267e-05,1.267e-05,1.267e-05,1.267e-05,888121.0,2025-10-05 16:44:57.499,11.25249307,1,888121.0,11.25249307,0
2025-10-05 16:45:05.000,1.266e-05,1.266e-05,1.266e-05,1.266e-05,97803.0,2025-10-05 16:45:05.499,1.2381859800000001,1,0.0,0.0,0
2025-10-05 16:45:08.000,1.266e-05,1.266e-05,1.266e-05,1.266e-05,78291535.0,2025-10-05 16:45:08.499,991.1708331000003,94,0.0,0.0,0
2025-10-05 16:45:09.000,1.266e-05,1.266e-05,1.266e-05,1.266e-05,20031546.0,2025-10-05 16:45:09.499,253.59937236000025,87,0.0,0.0,0
2025-10-05 16:45:09.500,1.266e-05,1.266e-05,1.266e-05,1.266e-05,256175808.0,2025-10-05 16:45:09.999,3243.185729280004,51,244021107.0,3089.3072146200043,0
2025-10-05 16:45:18.500,1.266e-05,1.267e-05,1.266e-05,1.267e-05,14401295.0,2025-10-05 16:45:18.999,182.43878459,2,11838989.0,149.99999063,0
2025-10-05 16:45:32.500,1.266e-05,1.266e-05,1.266e-05,1.266e-05,500652.0,2025-10-05 16:45:32.999,6.338254320000001,1,0.0,0.0,0
2025-10-05 16:45:34.000,1.266e-05,1.266e-05,1.266e-05,1.266e-05,505649252.0,2025-10-05 16:45:34.499,6401.519530320008,139,0.0,0.0,0
2025-10-05 16:45:39.000,1.266e-05,1.266e-05,1.266e-05,1.266e-05,470212.0,2025-10-05 16:45:39.499,5.952883920000001,6,470212.0,5.952883920000001,0
2025-10-05 16:45:40.000,1.265e-05,1.265e-05,1.265e-05,1.265e-05,19166433.0,2025-10-05 16:45:40.499,242.4553774500002,107,554863.0,7.019016949999999,0
2025-10-05 16:45:40.500,1.265e-05,1.265e-05,1.265e-05,1.265e-05,1581028.0,2025-10-05 16:45:40.999,20.0000042,1,1581028.0,20.0000042,0
2025-10-05 16:45:41.000,1.265e-05,1.265e-05,1.265e-05,1.265e-05,7826913.0,2025-10-05 16:45:41.499,99.01044945,1,7826913.0,99.01044945,0
2025-10-05 16:45:42.500,1.264e-05,1.264e-05,1.264e-05,1.264e-05,201922999.0,2025-10-05 16:45:42.999,2552.306707360012,155,0.0,0.0,0
2025-10-05 16:45:43.000,1.264e-05,1.265e-05,1.264e-05,1.265e-05,364383624.0,2025-10-05 16:45:43.499,4605.890696690001,94,135627088.0,1714.4080816500013,0
2025-10-05 16:45:43.500,1.264e-05,1.264e-05,1.264e-05,1.264e-05,13739958.0,2025-10-05 16:45:43.999,173.67306911999995,79,0.0,0.0,0
2025-10-05 16:45:44.500,1.264e-05,1.264e-05,1.264e-05,1.264e-05,6927152.0,2025-10-05 16:45:44.999,87.55920128,1,6927152.0,87.55920128,0
2025-10-05 16:45:45.500,1.264e-05,1.264e-05,1.264e-05,1.264e-05,790958.0,2025-10-05 16:45:45.999,9.99770912,1,790958.0,9.99770912,0
2025-10-05 16:45:50.000,1.263e-05,1.264e-05,1.263e-05,1.264e-05,91362631.0,2025-10-05 16:45:50.499,1153.94563078,45,3560125.0,44.999979999999994,0
2025-10-05 16:45:53.000,1.264e-05,1.265e-05,1.264e-05,1.265e-05,1769798660.0,2025-10-05 16:45:53.499,22370.274049739925,123,1769798660.0,22370.274049739925,0
2025-10-05 16:45:56.000,1.265e-05,1.265e-05,1.265e-05,1.265e-05,497183598.0,2025-10-05 16:45:56.499,6289.372514699969,160,497183598.0,6289.372514699969,0
2025-10-05 16:45:57.000,1.266e-05,1.266e-05,1.265e-05,1.265e-05,3718368.0,2025-10-05 16:45:57.499,47.06653888000002,38,2918368.0,36.94653888000002,0
2025-10-05 16:45:57.500,1.266e-05,1.266e-05,1.266e-05,1.266e-05,1073862.0,2025-10-05 16:45:57.999,13.59509292,14,1073862.0,13.59509292,0
2025-10-05 16:45:58.000,1.265e-05,1.265e-05,1.265e-05,1.265e-05,4189723.0,2025-10-05 16:45:58.499,52.99999595,1,0.0,0.0,0
2025-10-05 16:45:59.000,1.266e-05,1.266e-05,1.266e-05,1.266e-05,5963662.0,2025-10-05 16:45:59.499,75.49996092000002,45,5963662.0,75.49996092000002,0
2025-10-05 16:46:02.000,1.265e-05,1.265e-05,1.264e-05,1.264e-05,93845264.0,2025-10-05 16:46:02.499,1187.13862705,92,0.0,0.0,0
2025-10-05 16:46:05.000,1.265e-05,1.265e-05,1.265e-05,1.265e-05,7578840.0,2025-10-05 16:46:05.499,95.872326,93,7578840.0,95.872326,0
2025-10-05 16:46:09.500,1.265e-05,1.265e-05,1.265e-05,1.265e-05,7166509.0,2025-10-05 16:46:09.999,90.65633885000017,88,0.0,0.0,0
2025-10-05 16:46:11.000,1.265e-05,1.265e-05,1.265e-05,1.265e-05,1427745.0,2025-10-05 16:46:11.499,18.060974249999997,1,1427745.0,18.060974249999997,0
2025-10-05 16:46:14.000,1.265e-05,1.265e-05,1.265e-05,1.265e-05,171505429.0,2025-10-05 16:46:14.499,2169.5436768499803,99,171505429.0,2169.5436768499803,0
2025-10-05 16:46:17.000,1.266e-05,1.266e-05,1.266e-05,1.266e-05,204711.0,2025-10-05 16:46:17.499,2.5916412600000003,1,204711.0,2.5916412600000003,0
2025-10-05 16:46:18.500,1.266e-05,1.266e-05,1.266e-05,1.266e-05,2062504.0,2025-10-05 16:46:18.999,26.111300640000003,1,2062504.0,26.111300640000003,0
2025-10-05 16:46:20.000,1.265e-05,1.265e-05,1.265e-05,1.265e-05,426317.0,2025-10-05 16:46:20.499,5.392910049999999,1,0.0,0.0,0
2025-10-05 16:46:22.000,1.266e-05,1.266e-05,1.266e-05,1.266e-05,519625.0,2025-10-05 16:46:22.499,6.5784525,1,519625.0,6.5784525,0
2025-10-05 16:46:28.500,1.266e-05,1.266e-05,1.266e-05,1.266e-05,452000.0,2025-10-05 16:46:28.999,5.722320000000001,1,452000.0,5.722320000000001,0
2025-10-05 16:46:38.000,1.266e-05,1.266e-05,1.266e-05,1.266e-05,589367.0,2025-10-05 16:46:38.499,7.4613862200000005,1,589367.0,7.4613862200000005,0
2025-10-05 16:46:39.000,1.265e-05,1.265e-05,1.265e-05,1.265e-05,16094420.0,2025-10-05 16:46:39.499,203.59441299999997,1,0.0,0.0,0
2025-10-05 16:46:44.500,1.265e-05,1.266e-05,1.265e-05,1.266e-05,535295.0,2025-10-05 16:46:44.999,6.772905369999999,2,142362.0,1.80230292,0
2025-10-05 16:46:45.000,1.265e-05,1.265e-05,1.265e-05,1.265e-05,3118362.0,2025-10-05 16:46:45.499,39.4472793,1,0.0,0.0,0
2025-10-05 16:46:47.500,1.266e-05,1.266e-05,1.266e-05,1.266e-05,2516633.0,2025-10-05 16:46:47.999,31.860573780000003,1,2516633.0,31.860573780000003,0
2025-10-05 16:46:48.500,1.265e-05,1.265e-05,1.265e-05,1.265e-05,161160.0,2025-10-05 16:46:48.999,2.038674,1,0.0,0.0,0
2025-10-05 16:46:50.000,1.266e-05,1.266e-05,1.266e-05,1.266e-05,151211513.0,2025-10-05 16:46:50.499,1914.33775458,104,151211513.0,1914.33775458,0
2025-10-05 16:46:54.000,1.266e-05,1.266e-05,1.266e-05,1.266e-05,2424325.0,2025-10-05 16:46:54.499,30.6919545,1,0.0,0.0,0
2025-10-05 16:46:57.500,1.266e-05,1.266e-05,1.266e-05,1.266e-05,618132.0,2025-10-05 16:46:57.999,7.82555112,1,0.0,0.0,0
2025-10-05 16:46:59.000,1.266e-05,1.266e-05,1.266e-05,1.266e-05,238055.0,2025-10-05 16:46:59.499,3.0137763,1,0.0,0.0,0
2025-10-05 16:47:01.500,1.266e-05,1.266e-05,1.266e-05,1.266e-05,953175.0,2025-10-05 16:47:01.999,12.0671955,1,0.0,0.0,0
2025-10-05 16:47:02.000,1.266e-05,1.266e-05,1.266e-05,1.266e-05,61477168.0,2025-10-05 16:47:02.499,778.3009468800001,1,0.0,0.0,0
2025-10-05 16:47:06.000,1.266e-05,1.266e-05,1.266e-05,1.266e-05,100000.0,2025-10-05 16:47:06.499,1.266,1,0.0,0.0,0
2025-10-05 16:47:13.500,1.266e-05,1.266e-05,1.266e-05,1.266e-05,1039638.0,2025-10-05 16:47:13.999,13.16181708,1,0.0,0.0,0
2025-10-05 16:47:20.000,1.266e-05,1.266e-05,1.266e-05,1.266e-05,316251.0,2025-10-05 16:47:20.499,4.0037376600000005,1,0.0,0.0,0
2025-10-05 16:47:28.500,1.267e-05,1.267e-05,1.267e-05,1.267e-05,7955915.0,2025-10-05 16:47:28.999,100.80144305,1,7955915.0,100.80144305,0
2025-10-05 16:47:51.000,1.266e-05,1.266e-05,1.266e-05,1.266e-05,3593680.0,2025-10-05 16:47:51.499,45.4959888,1,0.0,0.0,0
2025-10-05 16:48:00.500,1.266e-05,1.266e-05,1.266e-05,1.266e-05,7117290.0,2025-10-05 16:48:00.999,90.1048914,1,0.0,0.0,0
2025-10-05 16:48:02.500,1.266e-05,1.266e-05,1.266e-05,1.266e-05,886839.0,2025-10-05 16:48:02.999,11.22738174,1,0.0,0.0,0
2025-10-05 16:48:12.000,1.266e-05,1.266e-05,1.266e-05,1.266e-05,8220637.0,2025-10-05 16:48:12.499,104.07326442000006,90,0.0,0.0,0
2025-10-05 16:48:14.000,1.265e-05,1.265e-05,1.265e-05,1.265e-05,509100.0,2025-10-05 16:48:14.499,6.440115,1,0.0,0.0,0
2025-10-05 16:48:19.000,1.265e-05,1.265e-05,1.265e-05,1.265e-05,418269.0,2025-10-05 16:48:19.499,5.29110285,1,0.0,0.0,0
2025-10-05 16:48:27.500,1.266e-05,1.266e-05,1.266e-05,1.266e-05,313510948.0,2025-10-05 16:48:27.999,3969.048601679992,99,313510948.0,3969.048601679992,0
2025-10-05 16:48:28.000,1.267e-05,1.267e-05,1.267e-05,1.267e-05,2620000.0,2025-10-05 16:48:28.499,33.1954,1,2620000.0,33.1954,0
2025-10-05 16:48:30.000,1.267e-05,1.267e-05,1.267e-05,1.267e-05,394632.0,2025-10-05 16:48:30.499,4.99998744,1,394632.0,4.99998744,0
2025-10-05 16:48:35.000,1.267e-05,1.267e-05,1.267e-05,1.267e-05,3908934.0,2025-10-05 16:48:35.499,49.52619378,1,3908934.0,49.52619378,0
2025-10-05 16:48:44.000,1.267e-05,1.267e-05,1.266e-05,1.267e-05,1313767.0,2025-10-05 16:48:44.499,16.64089681,3,860659.0,10.90454953,0
2025-10-05 16:48:46.000,1.266e-05,1.266e-05,1.266e-05,1.266e-05,7079448.0,2025-10-05 16:48:46.499,89.62581168000006,87,0.0,0.0,0
2025-10-05 16:48:50.500,1.266e-05,1.266e-05,1.266e-05,1.266e-05,2368000.0,2025-10-05 16:48:50.999,29.97888,1,2368000.0,29.97888,0
2025-10-05 16:49:03.500,1.266e-05,1.266e-05,1.266e-05,1.266e-05,500288.0,2025-10-05 16:49:03.999,6.33364608,1,500288.0,6.33364608,0
2025-10-05 16:49:09.500,1.266e-05,1.266e-05,1.266e-05,1.266e-05,19842306.0,2025-10-05 16:49:09.999,251.20359396,1,19842306.0,251.20359396,0
2025-10-05 16:49:11.000,1.266e-05,1.266e-05,1.266e-05,1.266e-05,402307.0,2025-10-05 16:49:11.499,5.09320662,1,402307.0,5.09320662,0
2025-10-05 16:49:20.500,1.265e-05,1.265e-05,1.265e-05,1.265e-05,350386068.0,2025-10-05 16:49:20.999,4432.383760199999,15,0.0,0.0,0
2025-10-05 16:49:26.000,1.265e-05,1.265e-05,1.265e-05,1.265e-05,135370285.0,2025-10-05 16:49:26.499,1712.4341052500063,89,0.0,0.0,0
2025-10-05 16:49:28.500,1.265e-05,1.265e-05,1.265e-05,1.265e-05,85730.0,2025-10-05 16:49:28.999,1.0844844999999999,1,85730.0,1.0844844999999999,0
2025-10-05 16:49:33.000,1.265e-05,1.265e-05,1.265e-05,1.265e-05,283446.0,2025-10-05 16:49:33.499,3.5855919,1,283446.0,3.5855919,0
2025-10-05 16:49:40.000,1.265e-05,1.265e-05,1.265e-05,1.265e-05,2686243.0,2025-10-05 16:49:40.499,33.98097395,1,2686243.0,33.98097395,0
2025-10-05 16:49:47.500,1.265e-05,1.265e-05,1.265e-05,1.265e-05,120714868.0,2025-10-05 16:49:47.999,1527.0430801999996,97,120714868.0,1527.0430801999996,0
2025-10-05 16:49:51.000,1.265e-05,1.265e-05,1.265e-05,1.265e-05,612475.0,2025-10-05 16:49:51.499,7.74780875,1,0.0,0.0,0
2025-10-05 16:50:03.000,1.266e-05,1.266e-05,1.266e-05,1.266e-05,789701.0,2025-10-05 16:50:03.499,9.99761466,1,789701.0,9.99761466,0
2025-10-05 16:50:04.000,1.266e-05,1.266e-05,1.266e-05,1.266e-05,4627692.0,2025-10-05 16:50:04.499,58.58658072,1,4627692.0,58.58658072,0
2025-10-05 16:50:07.000,1.265e-05,1.265e-05,1.265e-05,1.265e-05,124474718.0,2025-10-05 16:50:07.499,1574.6051827000065,90,0.0,0.0,0
2025-10-05 16:50:11.500,1.265e-05,1.265e-05,1.265e-05,1.265e-05,8194852.0,2025-10-05 16:50:11.999,103.66487779999999,91,8194852.0,103.66487779999999,0
2025-10-05 16:50:13.000,1.266e-05,1.266e-05,1.266e-05,1.266e-05,14956728.0,2025-10-05 16:50:13.499,189.3521764799999,91,14956728.0,189.3521764799999,0
2025-10-05 16:50:33.000,1.265e-05,1.265e-05,1.265e-05,1.265e-05,1535077.0,2025-10-05 16:50:33.499,19.418724049999998,1,0.0,0.0,0
2025-10-05 16:50:37.000,1.265e-05,1.265e-05,1.265e-05,1.265e-05,1625042.0,2025-10-05 16:50:37.499,20.556781299999997,1,0.0,0.0,0
2025-10-05 16:50:39.500,1.266e-05,1.266e-05,1.266e-05,1.266e-05,2331188.0,2025-10-05 16:50:39.999,29.51284008,1,2331188.0,29.51284008,0
2025-10-05 16:50:46.500,1.266e-05,1.266e-05,1.265e-05,1.265e-05,995449.0,2025-10-05 16:50:46.999,12.59343111,3,100126.0,1.2675951600000002,0
2025-10-05 16:50:47.000,1.265e-05,1.265e-05,1.265e-05,1.265e-05,316205.0,2025-10-05 16:50:47.499,3.9999932499999997,1,0.0,0.0,0
2025-10-05 16:50:48.500,1.265e-05,1.265e-05,1.265e-05,1.265e-05,3165013.0,2025-10-05 16:50:48.999,40.03741445,1,0.0,0.0,0
2025-10-05 16:50:49.500,1.265e-05,1.265e-05,1.265e-05,1.265e-05,2000000.0,2025-10-05 16:50:49.999,25.299999999999997,1,0.0,0.0,0
2025-10-05 16:50:54.000,1.265e-05,1.265e-05,1.265e-05,1.265e-05,4334322.0,2025-10-05 16:50:54.499,54.8291733,2,0.0,0.0,0
2025-10-05 16:50:57.000,1.265e-05,1.265e-05,1.265e-05,1.265e-05,2375164.0,2025-10-05 16:50:57.499,30.0458246,2,0.0,0.0,0
2025-10-05 16:51:01.000,1.266e-05,1.266e-05,1.266e-05,1.266e-05,122644.0,2025-10-05 16:51:01.499,1.5526730400000002,1,122644.0,1.5526730400000002,0
2025-10-05 16:51:14.500,1.265e-05,1.265e-05,1.265e-05,1.265e-05,163846.0,2025-10-05 16:51:14.999,2.0726519,1,0.0,0.0,0
2025-10-05 16:51:19.500,1.265e-05,1.265e-05,1.265e-05,1.265e-05,8380959.0,2025-10-05 16:51:19.999,106.01913135,1,0.0,0.0,0
2025-10-05 16:51:20.000,1.266e-05,1.266e-05,1.266e-05,1.266e-05,1462480.0,2025-10-05 16:51:20.499,18.514996800000002,1,1462480.0,18.514996800000002,0
2025-10-05 16:51:22.000,1.266e-05,1.266e-05,1.266e-05,1.266e-05,2933642.0,2025-10-05 16:51:22.499,37.139907720000004,1,2933642.0,37.139907720000004,0
2025-10-05 16:51:22.500,1.266e-05,1.266e-05,1.266e-05,1.266e-05,23696682.0,2025-10-05 16:51:22.999,299.99999412,1,23696682.0,299.99999412,0
2025-10-05 16:51:31.000,1.265e-05,1.265e-05,1.265e-05,1.265e-05,392264.0,2025-10-05 16:51:31.499,4.9621395999999995,1,0.0,0.0,0
2025-10-05 16:51:31.500,1.266e-05,1.266e-05,1.266e-05,1.266e-05,781029.0,2025-10-05 16:51:31.999,9.88782714,1,781029.0,9.88782714,0
2025-10-05 16:51:39.500,1.265e-05,1.265e-05,1.265e-05,1.265e-05,1108028.0,2025-10-05 16:51:39.999,14.0165542,1,0.0,0.0,0
2025-10-05 16:51:44.000,1.266e-05,1.266e-05,1.266e-05,1.266e-05,156206.0,2025-10-05 16:51:44.499,1.97756796,1,156206.0,1.97756796,0
2025-10-05 16:51:46.500,1.266e-05,1.266e-05,1.266e-05,1.266e-05,402927.0,2025-10-05 16:51:46.999,5.10105582,1,402927.0,5.10105582,0
2025-10-05 16:51:52.500,1.266e-05,1.266e-05,1.266e-05,1.266e-05,3157027.0,2025-10-05 16:51:52.999,39.96796182,1,3157027.0,39.96796182,0
2025-10-05 16:52:02.000,1.266e-05,1.266e-05,1.266e-05,1.266e-05,552789.0,2025-10-05 16:52:02.499,6.998308740000001,1,552789.0,6.998308740000001,0
2025-10-05 16:52:05.500,1.265e-05,1.265e-05,1.265e-05,1.265e-05,416398.0,2025-10-05 16:52:05.999,5.267434699999999,6,0.0,0.0,0
2025-10-05 16:52:08.000,1.265e-05,1.265e-05,1.265e-05,1.265e-05,170007583.0,2025-10-05 16:52:08.499,2150.5959249500006,97,0.0,0.0,0
2025-10-05 16:52:10.500,1.264e-05,1.264e-05,1.264e-05,1.264e-05,44457463.0,2025-10-05 16:52:10.999,561.94233232,1,0.0,0.0,0
2025-10-05 16:52:15.500,1.265e-05,1.265e-05,1.265e-05,1.265e-05,632911.0,2025-10-05 16:52:15.999,8.00632415,1,632911.0,8.00632415,0
2025-10-05 16:52:20.000,1.264e-05,1.264e-05,1.264e-05,1.264e-05,860195.0,2025-10-05 16:52:20.499,10.872864799999999,1,0.0,0.0,0
2025-10-05 16:52:26.000,1.265e-05,1.265e-05,1.265e-05,1.265e-05,4454086.0,2025-10-05 16:52:26.499,56.344187899999994,1,4454086.0,56.344187899999994,0
2025-10-05 16:52:29.000,1.264e-05,1.264e-05,1.264e-05,1.264e-05,38541457.0,2025-10-05 16:52:29.499,487.16401648,1,0.0,0.0,0
2025-10-05 16:52:32.000,1.264e-05,1.264e-05,1.264e-05,1.264e-05,1819620.0,2025-10-05 16:52:32.499,22.999996799999998,1,0.0,0.0,0
2025-10-05 16:52:36.500,1.264e-05,1.264e-05,1.264e-05,1.264e-05,15201421.0,2025-10-05 16:52:36.999,192.14596144,2,0.0,0.0,0
2025-10-05 16:52:37.000,1.265e-05,1.265e-05,1.265e-05,1.265e-05,7316426.0,2025-10-05 16:52:37.499,92.5527889,1,7316426.0,92.5527889,0
2025-10-05 16:52:38.500,1.264e-05,1.264e-05,1.264e-05,1.264e-05,1000000.0,2025-10-05 16:52:38.999,12.639999999999999,1,0.0,0.0,0
2025-10-05 16:52:44.000,1.264e-05,1.265e-05,1.264e-05,1.265e-05,40661280.0,2025-10-05 16:52:44.499,513.96970302,2,1112382.0,14.0716323,0
2025-10-05 16:52:52.000,1.265e-05,1.265e-05,1.265e-05,1.265e-05,3400000.0,2025-10-05 16:52:52.499,43.01,1,3400000.0,43.01,0
2025-10-05 16:52:56.500,1.264e-05,1.264e-05,1.264e-05,1.264e-05,1845968.0,2025-10-05 16:52:56.999,23.33303552,1,0.0,0.0,0
2025-10-05 16:52:58.000,1.264e-05,1.264e-05,1.264e-05,1.264e-05,9123160.0,2025-10-05 16:52:58.499,115.3167424,1,0.0,0.0,0
2025-10-05 16:53:00.500,1.264e-05,1.264e-05,1.264e-05,1.264e-05,25225732.0,2025-10-05 16:53:00.999,318.85325248,1,0.0,0.0,0
2025-10-05 16:53:02.000,1.265e-05,1.265e-05,1.265e-05,1.265e-05,431765.0,2025-10-05 16:53:02.499,5.46182725,1,431765.0,5.46182725,0
2025-10-05 16:53:04.000,1.264e-05,1.264e-05,1.264e-05,1.264e-05,218498.0,2025-10-05 16:53:04.499,2.76181472,1,0.0,0.0,0
2025-10-05 16:53:10.500,1.265e-05,1.265e-05,1.264e-05,1.265e-05,47263515.0,2025-10-05 16:53:10.999,597.42368269,3,1285309.0,16.25915885,0
